vkontakte.ru,vkontakte.ru/,ВКонтакте.ру,56535128,75
odnoklassniki.ru,www.odnoklassniki.ru/,Одноклассники.ru,19323274,67
mail.ru,mail.ru/,Почта Mail.Ru,13039044,75
hsdigital,www.hsdigital.ru/,Hearst Shkulev Digital,3690607,84
gismeteo.ru,www.gismeteo.ru/,GISMETEO.RU: Прогноз погоды,3272782,90
RS_Total/Riaru_Total,ria.ru,РИА Новости: главные новости часа,3173179,86
otvet.mail.ru,otvet.mail.ru/,Ответы Mail.Ru,2935758,84
kp,kp.ru,Комсомольская правда-Digital,2445173,81
Lenta,lenta.ru,Lenta.Ru,2301802,81
RBCRU,www.rbc.ru,"РБК - РосБизнесКонсалтинг - новости, курсы валют, погода",2278683,90
go.mail.ru,go.mail.ru/,Поиск Mail.Ru,2137482,70
hsdigital/wn,hearst-shkulev-media.ru,Women's Network Hearst Shkulev Media,2056989,78
news.rambler.ru,news.rambler.ru/,Рамблер/медиа - главные новости и cобытия в России и мире,2054423,80
drom,www.drom.ru,"Drom.ru - продажа автомобилей, отзывы, форумы, каталоги",1938806,90
mic_izvestia,iz.ru,Известия,1835093,85
mk,www.mk.ru,МОСКОВСКИЙ КОМСОМОЛЕЦ,1748199,88
life.ru,life.ru/,L!FE.ru,1591873,91
tsargradtv,tsargrad.tv/,Телеканал &quot;Царьград&quot; - Первый Русский,1440461,92
vesti.ru,vesti.ru/,Информационный канал &quot;Вести&quot;,1399511,79
russian.rt.com,russian.rt.com/,RT на русском,1393411,85
HeadHunter,hh.ru/,HeadHunter Group - Online Hiring Services,1375649,82
mail-my,my.mail.ru/,Мой Мир Mail.Ru,1374818,73
russian_rt,https://russian.rt.com/,RT,1366329,85
Pikabu,pikabu.ru,Сообщество Пикабу,1190848,81
gazeta_all,www.gazeta.ru/,Газета.Ru: Главные новости и подробности текущих событий,1156786,81
TASS_total,tass.ru,ТАСС - Новости в России и мире,1113206,88
smi2.ru,smi2.ru/,СМИ2 - Новостной агрегатор и новостная обменная сеть,964638,76
hsdigital/rn/smi,news.ngs.ru,Hearst Shkulev Digital — НОВОСТИ,949536,97
ura.ru,ura.ru/,URA.Ru - Российское информационное агентство,895903,95
yaplakal.com,www.yaplakal.com/,ЯПлакалъ - крупнейшее информационно-развлекательное сообщество рунета,858617,85
vkontakte.ru,vkontakte.ru/,ВКонтакте.ру,56535128,75
odnoklassniki.ru,www.odnoklassniki.ru/,Одноклассники.ru,19323274,67
mail.ru,mail.ru/,Почта Mail.Ru,13039044,75
hsdigital,www.hsdigital.ru/,Hearst Shkulev Digital,3690607,84
gismeteo.ru,www.gismeteo.ru/,GISMETEO.RU: Прогноз погоды,3272782,90
RS_Total/Riaru_Total,ria.ru,РИА Новости: главные новости часа,3173179,86
otvet.mail.ru,otvet.mail.ru/,Ответы Mail.Ru,2935758,84
kp,kp.ru,Комсомольская правда-Digital,2445173,81
Lenta,lenta.ru,Lenta.Ru,2301802,81
RBCRU,www.rbc.ru,"РБК - РосБизнесКонсалтинг - новости, курсы валют, погода",2278683,90
go.mail.ru,go.mail.ru/,Поиск Mail.Ru,2137482,70
hsdigital/wn,hearst-shkulev-media.ru,Women's Network Hearst Shkulev Media,2056989,78
news.rambler.ru,news.rambler.ru/,Рамблер/медиа - главные новости и cобытия в России и мире,2054423,80
drom,www.drom.ru,"Drom.ru - продажа автомобилей, отзывы, форумы, каталоги",1938806,90
mic_izvestia,iz.ru,Известия,1835093,85
mk,www.mk.ru,МОСКОВСКИЙ КОМСОМОЛЕЦ,1748199,88
life.ru,life.ru/,L!FE.ru,1591873,91
tsargradtv,tsargrad.tv/,Телеканал &quot;Царьград&quot; - Первый Русский,1440461,92
vesti.ru,vesti.ru/,Информационный канал &quot;Вести&quot;,1399511,79
russian.rt.com,russian.rt.com/,RT на русском,1393411,85
HeadHunter,hh.ru/,HeadHunter Group - Online Hiring Services,1375649,82
mail-my,my.mail.ru/,Мой Мир Mail.Ru,1374818,73
russian_rt,https://russian.rt.com/,RT,1366329,85
Pikabu,pikabu.ru,Сообщество Пикабу,1190848,81
gazeta_all,www.gazeta.ru/,Газета.Ru: Главные новости и подробности текущих событий,1156786,81
TASS_total,tass.ru,ТАСС - Новости в России и мире,1113206,88
smi2.ru,smi2.ru/,СМИ2 - Новостной агрегатор и новостная обменная сеть,964638,76
hsdigital/rn/smi,news.ngs.ru,Hearst Shkulev Digital — НОВОСТИ,949536,97
ura.ru,ura.ru/,URA.Ru - Российское информационное агентство,895903,95
yaplakal.com,www.yaplakal.com/,ЯПлакалъ - крупнейшее информационно-развлекательное сообщество рунета,858617,85
rg.ru,rg.ru/,Российская Газета: издание Правительства РФ,842595,90
dni.ru,dni.ru/,ДНИ.РУ - интернет-газета,826055,82
fishki,fishki.net/,Фишки Нет - первое развлекательное сообщество Рунета,808052,74
2gis,www.2gis.ru,Карта онлайн со справочником организаций — 2ГИС,807204,78
woman.ru,www.woman.ru/,"Woman.ru - интернет для женщин: звезды, мода, красота, мы и мужчины",793385,76
sanoma-women,cosmo.ru/,"Independent Women's Network: Cosmo, Bazaar, Women’s Health, Домашний Очаг и др.",787561,79
AIF,www.aif.ru,"Аргументы и Факты //  Объясняем, что происходит",777341,79
starhit.ru,starhit.ru/,Starhit.ru - проект Андрея Малахова о звездах,776058,86
irecommend.ru,irecommend.ru/,IRecommend - отзывы и рекомендации от реальных людей,772009,76
kommersant.ru,www.kommersant.ru/,&quot;Коммерсантъ&quot;. Издательский дом,765711,90
vz.ru,vz.ru/,ВЗГЛЯД.РУ,763094,82
sdamgia,sdamgia.ru,"СДАМ ГИА: РЕШУ ЕГЭ, ОГЭ и ВПР",761789,98
farpost,farpost.ru,Сайты Владивостока,740831,94
pravdaru,www.pravda.ru/,ПРАВДА.Ру. Новости и оперативные комментарии,699451,85
cosmo.ru,www.cosmo.ru/,COSMOPOLITAN,682113,80
ren.tv,ren.tv/,Новости - наше призвание. РЕН ТВ,681422,84
Lentainform,lentainform.com/,Lentainform.com - Эффективная система рекомендации контента,675743,62
rutube.ru,www.rutube.ru/,Rutube - лучшее видео:),673025,67
ruprom,tiu.ru,Tiu.ru — Товары и услуги. Крупнейший в России портал товаров и услуг,646269,93
ntv.ru,www.ntv.ru/,"НТВ.ru - Новости, видео, прямой эфир телеканала НТВ",640313,79
tnt-online,tnt-online.ru,ТНТ-Online - Смотри все сериалы ТНТ онлайн,637644,82
7dn.ru,7dn.ru/,"7Дней.ру - Всё о звездах! Новости, интервью, фото и видео звезд",633978,87
NaPlatforme,mirtesen.ru,Рекомендательная социальная сеть МирТесен,624575,78
championat_com,championat.com,Чемпионат: ведущий сайт о спорте,615692,82
action,www.glavbukh.ru/,"&lt;Актион-МЦФЭР&gt; — издания для директоров, руководителей, главбухов",587743,84
tutu.ru,tutu.ru/,"Туту.ру - авиа и ж/д билеты, отели, информация для путешественников",582837,92
teleprogramma.pro,teleprogramma.pro/,Teleprogramma.pro: телегид и шоу-бизнес,566107,92
Sportbox,www.sportbox.ru,Sportbox.ru,562576,92
echo.msk.ru,www.echo.msk.ru/,Эхо Москвы,509804,75
CIAN,www.cian.ru/,ЦИАН ГРУПП - Лидер онлайн недвижимости России,497998,95
topwar.ru,topwar.ru/,Военное обозрение,483599,86
1tv.ru,www.1tv.ru/,1TV - ПЕРВЫЙ КАНАЛ - ТВ РОССИИ,471020,68
Superjob,www.superjob.ru/,"Работа, вакансии, подбор персонала, резюме, поиск работы - SuperJob",465311,95
zaycev.net,zaycev.net/,ТУТ ЗАЙЦЕВ.НЕТ! Только самые свежие и популярные mp3 БЕСПЛАТНО и БЕЗ РЕГИСТРАЦИИ,464251,84
riafan.ru,riafan.ru/,Федеральное агентство новостей,457221,78
russianfood.com,russianfood.com/,Рецепты кулинарных блюд от RussianFood.com,448704,75
tvzvezda.ru,tvzvezda.ru/,"ЗВЕЗДА, медиагруппа  | Круглосуточное информационное вещание",447338,81
narodna-pravda.ua,narodna-pravda.ua/,НАРОДНА ПРАВДА,445425,68
vedomosti.ru,vedomosti.ru/,Ведомости - ежедневная деловая газета,443858,90
znak.com,www.znak.com/,Интернет-газета ZNAK.COM,438913,94
regnum.ru,www.regnum.ru/,ИА REGNUM,421943,85
baza.drom.ru,baza.drom.ru/,Объединенная база запчастей,417149,90
e1_ru,e1.ru,E1.RU — Екатеринбург Он-Лайн,408674,95
sport-express.ru,sport-express.ru/,СПОРТ-ЭКСПРЕСС,404799,82
BabyBlog,www.babyblog.ru,BabyBlog.ru — общение о семье и детях,402384,75
7ya.ru,www.7ya.ru/,Семейные сайты АЛП-Медиа,388935,81
rusprofile.ru,www.rusprofile.ru/,Rusprofile.ru - бесплатная проверка контрагента,380978,96
baby_ru,www.baby.ru/,бэби.ру - быть счастливой мамой,377702,76
4pda.ru,4pda.ru/,4PDA.ru,376160,70
5-tv.ru,www.5-tv.ru/,Пятый канал,373785,83
eg.ru,www.eg.ru/,"EG.RU - новости, аналитика, истории",372812,85
eadaily.com,eadaily.com/,ИА Eurasia Daily,360573,81
rueconomy.ru,rueconomy.ru/,Экономика Сегодня,352965,78
spaces.ru,spaces.ru/,Spaces.ru - крупнейшая мобильная соц.сеть,351781,64
rugion,rugion.ru/,Сеть региональных сайтов &quot;Ругион&quot;,340036,97
ngs_ru,ngs.ru,Независимый Городской Сайт Новосибирска,339284,95
1Mediainvest,1mediainvest.ru/,1Mediainvest - федеральный медиахолдинг,337417,89
banki.ru,www.banki.ru/,"Банки.ру - финансовый супермаркет. Вклады, кредиты, страховки, инвестиции",336055,93
pda.fishki.net,pda.fishki.net/,Фишки Нет - мобильная версия,329992,77
360tv.ru,www.360tv.ru/,Телеканал 360°,329975,89
womanmediafort,www.mediafort.ru/,Женские сайты группы &quot;МедиаФорт&quot;,328262,70
tvigle.ru,tvigle.ru/,Tvigle.ru - смотри Кино Бесплатно Онлайн,325094,93
pnpru,www.pnp.ru,Парламентская газета: новости Госдумы и Совета Федерации,323038,95
pnp.ru,pnp.ru/,Парламентская газета: Все о законах РФ,322719,95
trinixy.ru,trinixy.ru/,ТРИНИКСИ - Вселенная Развлечений,322523,88
animevost.org,animevost.org/,База №1 по просмотру аниме онлайн,322252,66
zvezdaweekly.ru,zvezdaweekly.ru/,"ЗВЕЗДА, еженедельник | Экспертное мнение и аналитика",314420,80
liveinternet.ru,www.liveinternet.ru/,LiveInternet.ru - лучшая статистика в интернете бесплатно,311595,67
RegMarkets,regmarkets.ru/,"Разместите товары XML: CPC от 1 руб. Конверсия от 4%, Тестирование (месяц)",310354,97
matchtv.ru,matchtv.ru/,Матч ТВ - Официальный сайт телеканала,306491,92
povar.ru,povar.ru/,Все рецепты - Повар.ру!,304116,83
hsdigital/rn/smi/66,hsdigital/rn/smi/66,E1.RU — Новости,302645,98
Rabotagroup,www.rabota.ru,Rabota.ru - свежие вакансии и резюме России и СНГ,300728,90
vokrug.tv,www.vokrug.tv/,"Вокруг ТВ - телегид, телепрограмма и энциклопедия телевидения",297602,72
russia.tv,www.russia.tv/,Телеканал &quot;РОССИЯ&quot;. Видео онлайн,293906,73
fotostrana,fotostrana.ru,ФотоСтрана – развлекательная социальная сеть,292112,72
hsdigital/rn/rabota,rabota.ngs.ru,Зарплата.ру — Hearst Shkulev Digital,282408,98
elle.ru,www.elle.ru/,"Elle.ru – сайт №1 о моде, красоте и стиле жизни",277679,79
nbs.su,nbs.su/,НовБрусСтрой,269231,97
forbes.ru,www.forbes.ru/,Forbes Россия,266391,87
fssprus,www.fssprus.ru,Федеральная служба судебных приставов,265174,98
WPMediaWomenGroup,wp-media.ru/women/,WP Media Women Group,263770,70
kino-teatr.ru,www.kino-teatr.ru/,"Кино-Театр.РУ - интервью, статьи, премьеры, новости кино и театра",260996,66
beta.vazhno.ru,beta.vazhno.ru/,ВАЖНО,257845,84
m.babyblog.ru,m.babyblog.ru/,BabyBlog - мобильная версия,252815,74
wf.mail.ru,wf.mail.ru/,Warface - онлайн-шутер нового поколения от CryTek - разработчика FarCry и Crysis,247772,78
livemaster.ru,livemaster.ru/,Ярмарка мастеров,246730,77
gazeta.ru/politics,www.gazeta.ru/politics/,Газета.Ru: Политика,245620,83
wday.ru,www.wday.ru/,Женский онлайн-журнал WDay.ru,240502,67
nsn.fm,nsn.fm/,НСН: Национальная Служба Новостей - все новости дня,240393,87
hsdigital/rn/smi/54,news.ngs.ru/,НГС.СМИ — Новосибирск,239576,97
miss-tramell.livejournal.com,miss-tramell.livejournal.com/,Лена Миро,238624,88
domofond.ru,www.domofond.ru/,Domofond.ru - Найдите свое идеальное жилье,235870,95
hsdigital/mn,hearst-shkulev-media.ru,Men's Network hearst-shkulev-media.ru,230697,82
mylove,mylove.ru,MYLOVE.RU - система сайтов знакомств,230061,78
rlsnet.ru,www.rlsnet.ru/,ЭНЦИКЛОПЕДИЯ ЛЕКАРСТВ - www.rlsnet.ru,228682,80
iphones.ru,www.iphones.ru/,iPhone,227956,86
fontanka.ru,fontanka.ru/,Фонтанка.Ру - новости Петербурга,226750,84
povarenok,www.povarenok.ru/,Поваренок.ру - всё о кулинарии,222737,71
svpressa,svpressa.ru/,Свободная Пресса / svpressa.ru,221988,68
PusCen,pulscen.ru/,Торговая площадка Пульс цен,220002,78
edimdoma.ru,www.edimdoma.ru/,«Едим Дома!» — кулинарная социальная сеть. Рецепты.,219313,63
tophotels.ru,www.tophotels.ru/,Tophotels - рейтинг отелей мира,216597,80
tk_m24,www.m24.ru/,Сетевое издание M24.ru,212943,83
apteka.ru,apteka.ru/,Apteka.RU - сертифицированные лекарства по низким ценам,211687,96
russian7.ru,russian7.ru/,Русская семерка,203660,73
uznayvse.ru,www.uznayvse.ru/,Портал всех новостей &quot;Узнай всЁ&quot;,202131,70
hsdigital/rn/forum,НГС.ФОРУМ,Hearst Shkulev Digital — ФОРУМЫ,202012,88
games.mail.ru,games.mail.ru/,Игры Mail.Ru,200359,78
pure-t.ru,www.pure-t.ru/,PURE - Самые интересные события со всего мира,198612,59
mediametrics.ru,mediametrics.ru/,Медиаметрикс - свежие котировки новостей,197795,75
ng.ru,www.ng.ru/,НЕЗАВИСИМАЯ ГАЗЕТА,197640,86
PlayGround,www.PlayGround.ru,PlayGround.ru - Российский Игровой Сервер,196439,75
m.my.mail.ru,m.my.mail.ru/,Мобильная версия Моего Мира Mail.Ru,194646,63
TrudcomAll,trud.com,Trud.com - Поиск Работы по Всей России,193406,88
inosmi.ru,inosmi.ru/,ИноСМИ,193357,71
maam.ru,www.maam.ru/,Международный образовательный портал МААМ,189472,86
mens-network,www.mhealth.ru,"Independent Men's Network: Esquire.ru, Popmech.ru, MHealth.ru, Nat-Geo.ru и др",186087,79
hsdigital/mn/maximonline,maximonline.ru,MAXIM Online,185473,83
apral.ru,apral.ru/,Apral.ru,182569,94
pics.ru,www.pics.ru/,О чем говорят женщины.,181736,94
peopletalk.ru,peopletalk.ru/,PEOPLETALK - эксклюзивно о звездах,181057,85
bugaga.ru,bugaga.ru/,"БУГАГА - фото-приколы,  прикольные картинки и интересные новости обо всем",178637,87
Nevnov,nevnov.ru,Невские Новости,177963,94
gazeta.ru/social,www.gazeta.ru/social/,Газета.Ru: Общество,177322,81
pravmir,www.pravmir.ru,ПРАВОСЛАВИЕ И МИР,176632,78
pravmir.ru,pravmir.ru/,ПРАВОСЛАВИЕ И МИР,172412,79
xn--41a-ws,я.ws,я.ws,172196,49
rosbalt.ru,www.rosbalt.ru/,Росбалт.RU - информационное агентство,171191,86
buhonline.ru,buhonline.ru/,Бухгалтерия Онлайн,168206,94
3dnews.ru,www.3dnews.ru/,"3DNews - все о компьютерах, комплектующих, гаджетах и софте",167804,78
3dnews.ru,www.3dnews.ru/,"3DNews - все о компьютерах, комплектующих, гаджетах и софте",167804,78
vmdaily.ru,www.vmdaily.ru/,"Вечерняя Москва - основные события дня, настоящее и будущее столицы.",167156,96
u-mama.ru,u-mama.ru/,U-mama.ru - сайт для настоящих и будущих родителей,162626,90
politexpert.net,politexpert.net/,ПолитЭксперт - Общественный политический журнал,162317,69
koolinar.ru,koolinar.ru/,"Koolinar - клуб кулинаров. Все кулинарные рецепты блюд: супов, закусок, десертов",160015,78
razlozhi.ru,razlozhi.ru/,"Карточные игры онлайн, пасьянсы, игры с другими игроками.",159747,72
aif.ru/society,www.aif.ru/society/,АИФ Общество,157772,81
cyberleninka.ru,cyberleninka.ru/,Научная электронная библиотека КиберЛенинка - открытая наука,157209,77
schlock.ru,www.schlock.ru/,Шлок - новости и слухи дом 2,156613,91
progorod,progorod43.ru,Сеть порталов PRO Город,155572,97
ctc.ru,ctc.ru/,Телеканал СТС,154697,87
Russian_Spring,rusvesna.su,Русская Весна,154204,46
utro.ru,utro.ru/,Утро.ру,154182,79
bfm.ru,bfm.ru/,BFM.ru - деловой портал,153599,89
fast-torrent.ru,www.fast-torrent.ru/,"Выбирай из 50 000 фильмов и сериалов! Смотри онлайн, Качай бесплатно!",153459,69
tabor.ru,www.tabor.ru/,Tabor.ru - Сайт знакомств нового поколения!,153228,43
allwomens.ru,www.allwomens.ru/,Женский информационно-познавательный портал,152549,69
SpraBliz,blizko.ru,Сеть городских порталов покупателя BLIZKO.ru,151623,94
66,www.66.ru,Портал 66.ru: Здесь все всё понимают,151530,94
glavbukh,www.glavbukh.ru,Журнал «Главбух»,151459,95
career.ru,www.career.ru/,Работа для cтудентов на Career.ru (HeadHunter Group),150036,96
svoboda.org,svoboda.org/,Радио Свобода,149636,74
readmanga.me,readmanga.me/,readmanga.me,149294,71
nnru,nn.ru,Нижний Новгород On-Line - NN.RU. Реклама у нас работает!,148820,91
news-front.info,news-front.info/,News Front - Новостной Фронт,146437,75
argumenti.ru,argumenti.ru/,Газета Аргументы недели,146423,91
kolesa.ru,kolesa.ru/,"КОЛЕСА.ру - автоновости, тест-драйвы, премьеры, общение",145986,91
sobesednik.ru,www.sobesednik.ru/,ИД Собеседник,145447,89
eurosport.ru,www.eurosport.ru/,Eurosport.ru,143338,49
expert.ru,www.expert.ru/,Журнал &quot;Эксперт&quot;,142858,86
tvrain.ru,www.tvrain.ru/,Телеканал ДОЖДЬ,142273,79
Allbest_ru,www.allbest.ru/,Образовательный портал  Allbest.ru,141543,80
minigames.mail.ru,minigames.mail.ru/,Мини-игры Mail.Ru - карточные и настольные игры онлайн с друзьями!,140170,70
zagony.ru,zagony.ru/,Загоны.ру - самый загонный сайт!,139383,94
astromeridian.ru,astromeridian.ru/,"AstroMeridian.Ru - журнал о психологии, астрологии и здоровье",139069,60
sovsport.ru,www.sovsport.ru/,"Советский спорт: Эксклюзивные новости спорта, результаты, обсуждения",139049,83
motor.ru,motor.ru/,Мотор,137521,86
azbyka.ru,azbyka.ru/,&quot;АЗБУКА ВЕРЫ&quot; - православный  портал,136469,74
job-mo.ru,www.job-mo.ru/,"Job-MO.ru - Работа в Московской области, вакансии и резюме",134981,98
edostavka.ru,edostavka.ru/,Экспресс-доставка почты и грузов. Доставка цветов и подарков по России,134394,94
forexpf.ru,www.forexpf.ru/,FOREXPF.RU: | ТОРГОВЛЯ НА FOREX | НОВОСТИ | ПРОГНОЗЫ | ФОРУМЫ |,134249,68
sinoptik.com.ru,sinoptik.com.ru/,SINOPTIK.com.ru,134216,63
220-volt.ru,www.220-volt.ru/,220 Вольт - интернет-магазин электро и бензоинструмента,132275,94
gazeta.ru/culture,www.gazeta.ru/culture/,Газета.Ru: Культура,132250,88
rutracker.org,rutracker.org/,rutracker.org - национальный битторрент трекер,132022,33
business-gazeta.ru,www.business-gazeta.ru/,БИЗНЕС ОНЛАЙН - Деловые новости Казани и Татарстана,130949,96
directadvert.ru,directadvert.ru/,Direct/ADVERT - Реклама в новостях,130285,64
flamp,flamp.ru,Фламп - отзывы о компаниях и местах вашего города.,130191,98
klerk.ru,klerk.ru/,Клерк.Ру  -  практическая помощь бухгалтеру,129879,95
vse42_ru,vse42.ru,Информационный сайт &quot;ВСЁ42&quot;,125727,95
inforeactor.ru,inforeactor.ru/,Инфореактор - Узнавай последние новости первым.,125714,71
lostfilm.tv,www.lostfilm.tv/,LostFilm.TV - лучшие мировые СЕРИАЛЫ по-русски.,124227,68
hochu.ua,hochu.ua/,hochu.ua,124068,53
gazeta.ru/sport,gazeta.ru/sport/,Газета.Ru: Спорт,122553,80
irr,www.irr.ru/,"Из рук в руки - бесплатные объявления авто, недвижимость, работа",122502,94
avtovzglyad.ru,www.avtovzglyad.ru/,АвтоВзгляд - авто новости,121944,92
torrent-games.net,torrent-games.net/,Первый игровой торрент портал (www.torrent-games.net),121258,81
zr.ru,www.zr.ru/,Журнал &quot;За рулем&quot;. Автомобили в России,120622,88
news.vse42.ru,news.vse42.ru/,Новости VSE42.RU,120599,96
RBCRU/REALTY,realty.rbc.ru,РБК.Недвижимость,119708,93
74,74.ru,Группа сайтов 74.ru,118442,96
aif.ru/money,www.aif.ru/money/,АИФ Деньги,117936,90
krasotaimedicina.ru,www.krasotaimedicina.ru/,Красота и Медицина,117576,74
stihi.ru,www.stihi.ru/,Стихи.ру - национальный сервер современной поэзии,116951,74
livelib.ru,www.livelib.ru/,LiveLib — социальная сеть читателей книг,116750,71
msk.riafan.ru,msk.riafan.ru/,ФАН - Москва,116748,74
ukraina.ru,ukraina.ru/,ukraina.ru,116543,71
zhenskoe-mnenie.ru,zhenskoe-mnenie.ru/,&quot;Женское мнение&quot; - информационный женский портал,116279,77
Anidub,anidub.com,Проект Анидаб,114571,78
KHLru,www.khl.ru,Континентальная Хоккейная Лига (КХЛ),114413,80
101.ru,www.101.ru/,101.ru - Профессиональное интернет-радио. 101 радио-канал на любой вкус.,114386,72
popmech.ru,www.popmech.ru/,"Популярная Механика. Журнал о том, как устроен мир",113180,80
ilibrary.ru,ilibrary.ru/,ИНТЕРНЕТ-БИБЛИОТЕКА  iLibrary.ru,113135,84
nation-news.ru,nation-news.ru/,Народные новости России,112181,74
ruhelp,ruhelp.com,MyBB — Отличный сервис для создания форума,109692,73
cyberforum.ru,www.cyberforum.ru/,CyberForum.ru - Форум программистов и сисадминов,109230,71
medio,medio.pro,Medio: полезные сайты для всей семьи,107590,74
spb.hh.ru,spb.hh.ru/,Работа в Санкт-Петербурге  -  Spb.hh.ru (HeadHunter Group),107239,96
rusplt.ru,rusplt.ru/,Русская планета,107232,74
pegast.ru,www.pegast.ru/,Туроператор PEGAS Touristik,104801,95
fapnews.ru,fapnews.ru/,Политика Сегодня,104476,72
1001goroskop.ru,1001goroskop.ru/,*1001 ГОРОСКОП* от ведущих астрологов,104432,67
ontvtime.ru,www.ontvtime.ru/,OnTVtime.ru | Онлайн ТВ | Прямой эфир + Архивы | Онлайн телевидение,104164,51
alleng.ru,www.alleng.ru/,"Всем, кто учится.",103969,88
vl.ru,vl.ru/,Сайт Владивостока,103611,96
pfrf.ru,www.pfrf.ru/,Пенсионный фонд Российской Федерации,103514,96
tonkosti.ru,tonkosti.ru/,Тонкости туризма,103482,73
kino-filmi.net,kino-filmi.net/,Кино - Фильмы 2013 - 2014 смотреть онлайн бесплатно.,103370,82
audit-it.ru,www.audit-it.ru/,"Бухгалтерский учет, налоги, аудит в РФ",103242,93
hsdigital/rn/forum/66,hsdigital/rn/forum/66,E1.RU — Форум,102558,88
Trashbox,trashbox.ru,Trashbox.ru — мобильный портал нового поколения,102319,58
androeed.ru,www.androeed.ru/,androeed.ru - ИГРЫ ДЛЯ ANDROID,101964,56
forumhouse.ru,www.forumhouse.ru/,FORUMHOUSE – самый популярный и авторитетный портал о строительстве в России,101053,86
germania.one,germania.one/,Новости Германии на русском языке.,100637,89
kp/kpall/reg/kpspb,spb.kp.ru,&quot;Комсомольская правда&quot; Санкт-Петербург,99713,92
parabit,vashgorod.ru,ВашГород.ру,99112,97
yaklass.ru,www.yaklass.ru/,ЯКласс,98782,83
varlamov.ru,varlamov.ru/,"Блог Ильи Варламова, авторское СМИ",98324,76
newizv.ru,www.newizv.ru/,Новые Известия,97821,93
healthbeautynetwork,healthbeautynetwork.ru/,Health &amp; Beauty Network,97812,73
travelask.ru,travelask.ru/,"TravelAsk - журнал о путешествиях, путеводитель, вопросы и ответы",97721,76
JoyReactor,joyreactor.cc/,JoyReactor: смешные картинки и тематические сообщества,97603,61
kazanfirst.ru,kazanfirst.ru/,Kazanfirst - Новости Татарстана,97511,98
